{
  "Random Forest": {
    "accuracy": 0.9954545454545455,
    "cv_mean": 0.9943181818181819,
    "cv_std": 0.005390246011650636
  },
  "Gradient Boosting": {
    "accuracy": 0.9886363636363636,
    "cv_mean": 0.9852272727272728,
    "cv_std": 0.0070509509352220875
  },
  "SVM": {
    "accuracy": 0.9840909090909091,
    "cv_mean": 0.9761363636363637,
    "cv_std": 0.00753778361444409
  },
  "Logistic Regression": {
    "accuracy": 0.9727272727272728,
    "cv_mean": 0.9676136363636363,
    "cv_std": 0.011306675421666133
  },
  "Ensemble": {
    "accuracy": 0.990909090909091,
    "cv_mean": 0.990909090909091,
    "cv_std": 0.0
  },
  "Deep Learning": {
    "accuracy": 0.9886363744735718,
    "cv_mean": 0.9886363744735718,
    "cv_std": 0.0
  }
}